"id","schema","name","aliases","birth_date","countries","addresses","identifiers","sanctions","phones","emails","program_ids","dataset","first_seen","last_seen","last_change"
"NK-223CQDBzp8MRkdJMDiqXn3","Organization","Myanmar Yatai International Holding Group Co., LTD.","Shwe Kokko Special Economic Zone;Yatai New City;Yatai Smart Industrial New City","","mm","Hpa-An City;Shwe Kokko Village, Myawaddy Township, Karen State","103919088","GLOMAG - Executive Order 13818 (Global Magnitsky)","","","US-GLOMAG","US OFAC Specially Designated Nationals (SDN) List","2025-09-08T14:10:01","2026-09-30T18:28:13","2026-01-26T16:10:01"
"NK-22MHXvQQufBgTjUWgUbWb8","Organization","Limited Liability Company Specialized Developer Alabuga South Park","LLC Specialized Developer Alabuga South Park;OOO СПЕЦИАЛИЗИРОВАННЫЙ ЗАСТРОЙЩИК АЛАБУГА ЮЖНЫЙ ПАРК;ОБЩЕСТВО С ОГРАНИЧЕННОЙ ОТВЕТСТВЕННОСТЬЮ СПЕЦИАЛИЗИРОВАННЫЙ ЗАСТРОЙЩИК АЛАБУГА ЮЖНЫЙ ПАРК","","ru","ul. Sh-2 (OEZ Alabuga Ter.), D. 15/5, Pomeshch. 3, Yelabuga, Republic of Tatarstan, 423601","1231600029825;1674005078;52120883","RUSSIA-EO14024 - Executive Order 14024 (Russia)","","","US-RUSHAR","US OFAC Specially Designated Nationals (SDN) List","2024-02-23T14:10:55","2026-09-30T18:28:13","2026-01-26T16:10:01"
"NK-22T6dTsc6umYgEA33vME3t","Organization","Digital Marketing Awards FZ LLC","SD Digital Marketing Awards;Swiss Dragons Management Digital Marketing Awards","","ae","Compass Building FDRK 2508, Al Shohada Road, Al Hamra Industrial Zone-FZ, Ras al Khaimah","12119212;17002525","RUSSIA-EO14024 - Executive Order 14024 (Russia)","","","US-RUSHAR","US OFAC Specially Designated Nationals (SDN) List","2024-08-23T16:10:02","2026-09-30T18:28:13","2026-01-26T16:10:01"
"NK-22cQD3a8GDRSuoW5mus3F3","Organization","EKVIK LIMITED LIABILITY COMPANY","","","ru","Per. Dukhovskoi D. 17, Korpus 1, Floor 1 Podyezd 20 Kab 1, Moscow, 115191","1157746236966;7722320806","RUSSIA-EO14024 - Executive Order 14024 (Russia)","","","US-RUSHAR","US OFAC Specially Designated Nationals (SDN) List","2024-10-30T14:10:02","2026-09-30T18:28:13","2026-01-26T16:10:01"
"NK-2369Vca9iPnQoaUJDAHTaB","Organization","Star Dragon Corporation Limited","星龍興業有限公司","","cn;hk","Room 1510, Shatin Galleria, 18-24 Shan Mei Street, Fotan, New Territories, Hong Kong;Room 810, 8/F., Nan Fung Commercial Centre, 19 Lam Lok Street, Hong Kong","1237860;39369904","DRCONGO - Executive Order 13413 (DRC)","","","US-DRC","US OFAC Specially Designated Nationals (SDN) List","2025-08-12T20:10:01","2026-09-30T18:28:13","2026-01-26T16:10:01"
"NK-23p2d4vMT5sJtQ845GyzJt","Organization","Scientific and Production Association of Measuring Equipment JSC","AO NPO IT;Aktsionernoe Obschestvo Nauchno Proizvodstvennoe Obedinenie Izmeritelnoy Tekhniki;Scientific and Production Association of Measuring Technology","","ru","2k4 Pionerskaya Str., Korolyov, Moscow Region, 141074","1095018006555;5018139517","RUSSIA-EO14024 - Executive Order 14024 (Russia)","","","US-RUSHAR","US OFAC Specially Designated Nationals (SDN) List","2023-04-20T10:27:20","2026-09-30T18:28:13","2026-01-26T16:10:01"
"NK-23wEenKCkJ2dbXMy4qdiE7","Organization","GOLDEN LUXURY JEWELLERY TRADING L.L.C","جولدن لكسري لتجارة المجوهرات ش.ذ.م.م","","ae","Unit 202, Al Harmoodi Building, Gold Souq, Deira, Dubai","213800SS45WKYIT4EP89;790294","GLOMAG - Executive Order 13818 (Global Magnitsky)","","","US-GLOMAG","US OFAC Specially Designated Nationals (SDN) List","2024-12-09T16:10:01","2026-09-30T18:28:13","2026-01-26T16:10:01"
"NK-24UMVkuxF3svsAtg55i3Zi","Organization","ALBAHR ALAAHMAR ENERGY FZE","البحر الأحمر للطاقة م م ح","","ae","P1-ELOB Office No. E-44G-29, Hamriyah Free Zone Authority, Sharjah","11670819;19438","IRAN-EO13846 - Executive Order 13846 (Iran)","","","US-IRAN","US OFAC Specially Designated Nationals (SDN) List","2023-04-20T10:27:20","2026-09-30T18:28:13","2026-01-26T16:10:01"
"NK-24ZomtS59XsEEB94Qcqy7S","Organization","Sun Science International Co., Limited","","","cn;hk","Room H28, Block EH, 10/F, Golden Bear Industrial Centre, 66-82 Chai Wan Kok Street, Hong Kong;Rooms 1318-19, Hollywood Plaza, 610, Nathan Road, Mong Kok, Kowloon, Hong Kong","76403757;IMO6495856","IRAN-EO13902 - Executive Order 13902 (Iran)","","","US-IRAN","US OFAC Specially Designated Nationals (SDN) List","2025-03-13T14:22:34","2026-09-30T18:28:13","2026-01-26T16:10:01"
