hex,count_good_aircraft,count_bad_aircraft
84005b1ffffffff,1,0
8400ec3ffffffff,1,1
84010ebffffffff,1,0
8401227ffffffff,2,0
840122bffffffff,1,0
8401233ffffffff,6,0
8401239ffffffff,2,0
840124bffffffff,3,0
8401251ffffffff,3,0
8401255ffffffff,1,0
8401259ffffffff,8,0
840125dffffffff,3,1
8401261ffffffff,1,0
8401265ffffffff,1,0
8401267ffffffff,1,0
84012c9ffffffff,1,0
84012cbffffffff,1,0
8401349ffffffff,1,0
8401351ffffffff,4,0
8401355ffffffff,4,0
8401359ffffffff,6,1
840135bffffffff,4,0
840135dffffffff,11,2
840248bffffffff,1,0
8402491ffffffff,4,0
8402493ffffffff,2,0
8402495ffffffff,1,0
8402499ffffffff,5,0
840249bffffffff,5,0
840249dffffffff,5,0
84024c3ffffffff,1,0
84024cbffffffff,1,0
84024d3ffffffff,2,0
84024d5ffffffff,3,0
84024d7ffffffff,1,0
84024d9ffffffff,3,0
84024ddffffffff,5,0
8402691ffffffff,6,0
8402693ffffffff,1,0
8402695ffffffff,2,0
8402697ffffffff,6,0
8402699ffffffff,6,0
840269dffffffff,1,0
84026b1ffffffff,1,0
84026b3ffffffff,5,0
84026b7ffffffff,3,0
84026bbffffffff,6,0
8403229ffffffff,1,0
84032e9ffffffff,1,0
8403309ffffffff,1,0
840331bffffffff,1,0
8403323ffffffff,1,0
8403343ffffffff,1,0
8403347ffffffff,1,0
8406243ffffffff,1,0
8406251ffffffff,1,0
8406259ffffffff,6,0
840625dffffffff,6,0
8406291ffffffff,8,0
8406293ffffffff,16,0
8406295ffffffff,1,0
8406297ffffffff,8,0
8406299ffffffff,8,0
840629bffffffff,10,0
840629dffffffff,6,0
84062c9ffffffff,2,0
84062cbffffffff,2,0
84062d3ffffffff,2,0
84062d7ffffffff,3,0
84062dbffffffff,2,0
8406601ffffffff,15,0
8406603ffffffff,9,0
8406605ffffffff,9,0
8406607ffffffff,15,0
8406609ffffffff,21,0
840660bffffffff,15,0
840660dffffffff,11,0
8406615ffffffff,1,0
8406619ffffffff,6,0
840661dffffffff,11,0
8406621ffffffff,17,0
8406625ffffffff,9,0
8406627ffffffff,6,0
8406629ffffffff,14,0
840662bffffffff,7,0
840662dffffffff,20,0
8406631ffffffff,2,0
8406639ffffffff,4,0
840663dffffffff,4,0
8406641ffffffff,5,0
8406643ffffffff,20,0
8406645ffffffff,11,0
8406647ffffffff,7,0
8406649ffffffff,9,0
840664bffffffff,22,0
840664dffffffff,15,0
8406651ffffffff,14,0
8406655ffffffff,21,0
8406657ffffffff,18,0
8406659ffffffff,21,0
840665bffffffff,2,0
840665dffffffff,18,0
8406661ffffffff,17,0
8406663ffffffff,10,0
8406665ffffffff,18,0
8406667ffffffff,19,0
8406669ffffffff,16,0
840666bffffffff,10,0
840666dffffffff,31,0
8406703ffffffff,2,0
8406711ffffffff,3,0
8406713ffffffff,1,0
8406715ffffffff,8,0
8406719ffffffff,6,0
840671dffffffff,31,0
8406741ffffffff,11,0
8406743ffffffff,3,0
8406745ffffffff,12,0
8406747ffffffff,2,0
8406749ffffffff,16,0
840674bffffffff,6,0
840674dffffffff,9,0
8406751ffffffff,24,0
8406753ffffffff,11,0
8406755ffffffff,1,0
8406757ffffffff,31,0
8406759ffffffff,32,0
840675bffffffff,10,0
840675dffffffff,5,0
8406761ffffffff,1,0
8406769ffffffff,9,0
840676dffffffff,1,0
8406983ffffffff,7,0
8406987ffffffff,7,0
840698bffffffff,1,0
8406991ffffffff,1,0
8406997ffffffff,8,0
84069a3ffffffff,6,0
84069a5ffffffff,6,0
84069a9ffffffff,5,0
84069adffffffff,6,0
84069b1ffffffff,2,0
84069b3ffffffff,17,0
84069b7ffffffff,19,0
84069bbffffffff,14,0
84069bdffffffff,7,0
84069e3ffffffff,4,0
84069e7ffffffff,2,0
8406c01ffffffff,8,0
8406c03ffffffff,7,0
8406c05ffffffff,16,0
8406c09ffffffff,2,0
8406c0bffffffff,3,0
8406c0dffffffff,2,0
8406c15ffffffff,10,0
8406c19ffffffff,1,0
8406c1dffffffff,10,0
8406c21ffffffff,19,0
8406c23ffffffff,11,0
8406c25ffffffff,7,0
8406c27ffffffff,20,0
8406c29ffffffff,9,0
8406c2bffffffff,22,0
8406c2dffffffff,2,0
8406c31ffffffff,11,0
8406c33ffffffff,6,0
8406c35ffffffff,16,0
8406c37ffffffff,15,0
8406c39ffffffff,11,0
8406c3bffffffff,6,0
8406c57ffffffff,1,0
8406c61ffffffff,8,0
8406c63ffffffff,8,0
8406c65ffffffff,2,0
8406c67ffffffff,6,0
8406c69ffffffff,1,0
8406c6bffffffff,2,0
8406c6dffffffff,5,0
8406c83ffffffff,25,0
8406c85ffffffff,31,0
8406c8dffffffff,3,0
8406c91ffffffff,2,0
8406c93ffffffff,13,0
8406c95ffffffff,34,0
8406c99ffffffff,5,0
8406c9bffffffff,10,0
8406c9dffffffff,23,0
8406ca1ffffffff,13,0
8406ca3ffffffff,19,0
8406ca5ffffffff,6,0
8406ca7ffffffff,10,0
8406ca9ffffffff,5,0
8406cabffffffff,28,0
8406cadffffffff,3,0
8406cb1ffffffff,29,0
8406cb3ffffffff,11,0
8406cb5ffffffff,7,0
8406cb7ffffffff,17,0
8406cb9ffffffff,32,0
8406cbbffffffff,22,0
8406cd3ffffffff,2,0
8406cd7ffffffff,13,0
8406ce1ffffffff,9,0
8406ce5ffffffff,12,0
8406ce7ffffffff,3,0
8406ce9ffffffff,2,0
8406cedffffffff,4,0
8406d03ffffffff,5,0
8406d09ffffffff,1,0
8406d0bffffffff,4,0
8406d11ffffffff,3,0
8406d13ffffffff,12,0
8406d15ffffffff,1,0
8406d17ffffffff,13,0
8406d19ffffffff,2,0
8406d1bffffffff,16,0
8406d1dffffffff,5,0
8406d31ffffffff,1,0
8406d33ffffffff,2,0
8406d39ffffffff,2,0
8406d3bffffffff,2,0
8406d51ffffffff,4,0
8406d53ffffffff,4,0
8406d55ffffffff,3,0
8406d57ffffffff,6,0
8406d5bffffffff,2,0
8406d5dffffffff,1,0
8406d81ffffffff,1,0
8406d83ffffffff,6,0
8406d85ffffffff,3,0
8406d87ffffffff,4,0
8406d89ffffffff,1,0
8406d8bffffffff,5,0
8406d8dffffffff,5,0
8406d91ffffffff,13,0
8406d93ffffffff,9,0
8406d95ffffffff,10,0
8406d97ffffffff,12,0
8406d99ffffffff,8,0
8406d9bffffffff,6,0
8406d9dffffffff,15,0
8406da1ffffffff,2,0
8406da3ffffffff,5,0
8406da5ffffffff,6,0
8406da7ffffffff,3,0
8406da9ffffffff,5,0
8406dabffffffff,3,0
8406dadffffffff,6,0
8406db1ffffffff,8,0
8406db3ffffffff,8,0
8406db7ffffffff,13,0
8406db9ffffffff,6,0
8406dbbffffffff,13,0
8406dbdffffffff,2,0
8406dc1ffffffff,7,0
8406dc3ffffffff,5,0
8406dc5ffffffff,7,0
8406dc7ffffffff,5,0
8406dc9ffffffff,7,0
8406dcbffffffff,20,0
8406dcdffffffff,6,0
8406dd1ffffffff,20,0
8406dd3ffffffff,9,0
8406dd5ffffffff,10,0
8406dd7ffffffff,19,0
8406dd9ffffffff,16,0
8406ddbffffffff,14,0
8406dddffffffff,17,0
8406de1ffffffff,5,0
8406de3ffffffff,5,0
8406de5ffffffff,16,0
8406de7ffffffff,5,0
8406de9ffffffff,13,0
8406debffffffff,7,0
8406dedffffffff,12,0
8406f15ffffffff,1,0
8407091ffffffff,5,0
8407093ffffffff,4,0
8407095ffffffff,2,0
8407097ffffffff,6,0
8407099ffffffff,2,0
840709bffffffff,5,0
84070b3ffffffff,5,0
84070b7ffffffff,7,0
84070bbffffffff,1,0
8407401ffffffff,20,0
8407403ffffffff,34,0
8407405ffffffff,8,0
8407407ffffffff,19,0
8407409ffffffff,12,0
840740bffffffff,27,0
840740dffffffff,11,0
8407411ffffffff,49,0
8407413ffffffff,45,0
8407415ffffffff,50,0
8407417ffffffff,55,0
8407419ffffffff,38,0
840741bffffffff,48,0
840741dffffffff,50,0
8407421ffffffff,3,0
8407423ffffffff,16,0
8407425ffffffff,2,0
8407427ffffffff,12,0
8407429ffffffff,8,0
840742bffffffff,16,0
840742dffffffff,8,0
8407431ffffffff,35,0
8407433ffffffff,66,0
8407435ffffffff,31,0
8407437ffffffff,33,0
8407439ffffffff,33,0
840743bffffffff,55,0
840743dffffffff,22,0
8407441ffffffff,7,0
8407443ffffffff,11,0
8407445ffffffff,7,0
8407447ffffffff,9,0
8407449ffffffff,4,0
840744bffffffff,11,0
840744dffffffff,7,0
8407451ffffffff,22,0
8407453ffffffff,26,0
8407455ffffffff,24,0
8407457ffffffff,45,0
840745bffffffff,1,0
840745dffffffff,18,0
8407461ffffffff,10,0
8407463ffffffff,6,0
8407465ffffffff,9,0
8407467ffffffff,13,0
8407469ffffffff,8,0
840746bffffffff,7,0
840746dffffffff,8,0
8407481ffffffff,25,0
8407483ffffffff,32,0
8407485ffffffff,9,0
8407487ffffffff,27,0
8407489ffffffff,23,0
840748bffffffff,40,0
840748dffffffff,13,0
8407491ffffffff,5,0
8407495ffffffff,16,0
8407497ffffffff,4,0
840749dffffffff,13,0
84074a1ffffffff,17,0
84074a3ffffffff,11,0
84074a5ffffffff,26,0
84074a7ffffffff,16,0
84074a9ffffffff,11,0
84074abffffffff,18,0
84074adffffffff,19,0
84074b1ffffffff,35,0
84074b3ffffffff,19,0
84074b5ffffffff,16,0
84074b7ffffffff,25,0
84074b9ffffffff,34,0
84074bbffffffff,23,0
84074bdffffffff,19,0
84074c1ffffffff,22,0
84074c3ffffffff,20,0
84074c5ffffffff,41,0
84074c7ffffffff,12,0
84074c9ffffffff,28,0
84074cbffffffff,24,0
84074cdffffffff,30,0
84074d5ffffffff,26,0
84074d7ffffffff,3,0
84074ddffffffff,16,0
84074e1ffffffff,41,0
84074e3ffffffff,17,0
84074e5ffffffff,66,0
84074e7ffffffff,33,0
84074e9ffffffff,39,0
84074ebffffffff,28,0
84074edffffffff,63,0
8407501ffffffff,12,0
8407503ffffffff,3,0
8407509ffffffff,15,0
840750bffffffff,5,0
840750dffffffff,8,0
8407511ffffffff,5,0
8407513ffffffff,11,0
8407515ffffffff,2,0
8407517ffffffff,5,0
8407519ffffffff,9,0
840751bffffffff,3,0
840751dffffffff,5,0
8407523ffffffff,1,0
8407531ffffffff,5,0
8407533ffffffff,2,0
8407535ffffffff,3,0
8407537ffffffff,3,0
840753bffffffff,4,0
840753dffffffff,1,0
8407541ffffffff,10,0
8407543ffffffff,12,0
8407545ffffffff,8,0
8407547ffffffff,9,0
8407549ffffffff,9,0
