latitude,longitude,bright_ti4,scan,track,acq_date,acq_time,satellite,confidence,version,bright_ti5,frp,daynight
-16.93395,15.26375,322.5,0.42,0.61,2026-09-29,0054,N21,nominal,2.0NRT,289.99,3.51,N
-16.93437,15.2677,303.46,0.42,0.61,2026-09-29,0054,N21,nominal,2.0NRT,289.81,2.56,N
-17.31388,18.8136,303.72,0.73,0.76,2026-09-29,0054,N21,nominal,2.0NRT,289.5,2.04,N
-17.3145,18.82045,303.69,0.74,0.76,2026-09-29,0054,N21,nominal,2.0NRT,289.5,2.04,N
-16.93212,15.26634,331.34,0.42,0.61,2026-09-29,0054,N21,nominal,2.0NRT,290.45,4.49,N
-16.85209,14.18662,307.75,0.35,0.57,2026-09-29,0054,N21,nominal,2.0NRT,288.01,1.26,N
-16.85246,14.18994,312.43,0.35,0.57,2026-09-29,0054,N21,nominal,2.0NRT,288.48,1.34,N
-16.85281,14.19326,310.53,0.35,0.57,2026-09-29,0054,N21,nominal,2.0NRT,288.38,1.34,N
-17.31968,18.81519,302.42,0.74,0.76,2026-09-29,0054,N21,nominal,2.0NRT,290.2,4.07,N
-16.93441,14.59719,311.3,0.38,0.59,2026-09-29,0054,N21,nominal,2.0NRT,288.03,1.38,N
-16.9348,14.60074,302.5,0.38,0.59,2026-09-29,0054,N21,nominal,2.0NRT,288.11,1.38,N
-16.93519,14.60428,303.8,0.38,0.59,2026-09-29,0054,N21,nominal,2.0NRT,288.39,1.18,N
-16.93557,14.60782,305.13,0.38,0.59,2026-09-29,0054,N21,nominal,2.0NRT,288.38,1.18,N
-16.93941,14.59298,324.91,0.38,0.59,2026-09-29,0054,N21,nominal,2.0NRT,289.41,3.04,N
-16.9398,14.59653,338.8,0.38,0.59,2026-09-29,0054,N21,nominal,2.0NRT,290.02,7.48,N
-16.94018,14.60007,367,0.38,0.59,2026-09-29,0054,N21,high,2.0NRT,293.42,7.48,N
-16.94057,14.6036,367,0.38,0.59,2026-09-29,0054,N21,high,2.0NRT,293.12,12.5,N
-16.93902,14.58944,303.41,0.38,0.59,2026-09-29,0054,N21,nominal,2.0NRT,287.28,3.04,N
-16.94096,14.60715,316.03,0.38,0.59,2026-09-29,0054,N21,nominal,2.0NRT,287.96,12.5,N
-16.94518,14.59587,298.73,0.38,0.59,2026-09-29,0054,N21,nominal,2.0NRT,286.38,7.48,N
-16.94557,14.59941,301.85,0.38,0.59,2026-09-29,0054,N21,nominal,2.0NRT,286.63,7.48,N
-17.51328,19.02115,304.26,0.76,0.77,2026-09-29,0054,N21,nominal,2.0NRT,290.16,2.6,N
-17.57552,19.20028,326.22,0.79,0.78,2026-09-29,0054,N21,nominal,2.0NRT,289.84,8.99,N
-19.00328,16.98998,306.45,0.58,0.7,2026-09-29,0054,N21,nominal,2.0NRT,288.7,3.69,N
-19.00968,16.98926,301.27,0.58,0.7,2026-09-29,0054,N21,nominal,2.0NRT,284.29,3.69,N
-19.01068,17.00019,303.75,0.58,0.7,2026-09-29,0054,N21,nominal,2.0NRT,282.56,4.71,N
-19.01708,16.99948,298.38,0.58,0.7,2026-09-29,0054,N21,nominal,2.0NRT,284.51,2.27,N
-19.00497,16.99026,309.65,0.58,0.7,2026-09-29,0054,N21,nominal,2.0NRT,289.44,6.41,N
-19.01091,16.98405,299.52,0.58,0.7,2026-09-29,0054,N21,nominal,2.0NRT,284.19,3.18,N
-19.0123,17.00047,317.08,0.58,0.7,2026-09-29,0054,N21,nominal,2.0NRT,286.42,3.92,N
-20.62417,15.93245,301.81,0.51,0.66,2026-09-29,0054,N21,nominal,2.0NRT,284.23,0.85,N
-20.62436,15.92984,295.01,0.51,0.66,2026-09-29,0054,N21,nominal,2.0NRT,283.67,1.23,N
-20.63047,15.92908,301.74,0.51,0.66,2026-09-29,0054,N21,nominal,2.0NRT,284.75,1.23,N
-21.15999,15.96134,318.31,0.52,0.67,2026-09-29,0056,N21,nominal,2.0NRT,284.43,2.34,N
-21.1604,15.96629,300.92,0.52,0.67,2026-09-29,0056,N21,nominal,2.0NRT,283.79,2.34,N
-21.17107,15.94523,299.36,0.52,0.67,2026-09-29,0056,N21,nominal,2.0NRT,284.78,1.56,N
-21.17148,15.95017,296.47,0.52,0.67,2026-09-29,0056,N21,nominal,2.0NRT,285.1,0.68,N
-21.17439,15.98496,299.27,0.53,0.67,2026-09-29,0056,N21,nominal,2.0NRT,285.2,1.02,N
-21.18434,15.88226,303.96,0.52,0.67,2026-09-29,0056,N21,nominal,2.0NRT,289.96,5.81,N
-21.19047,15.88159,339.27,0.52,0.67,2026-09-29,0056,N21,nominal,2.0NRT,290.42,5.81,N
-21.19088,15.88637,312.09,0.52,0.67,2026-09-29,0056,N21,nominal,2.0NRT,288.81,6.55,N
-21.19166,15.89542,303.12,0.52,0.67,2026-09-29,0056,N21,nominal,2.0NRT,289.12,2.83,N
-21.19249,15.90514,300.78,0.52,0.67,2026-09-29,0056,N21,nominal,2.0NRT,288.5,2.11,N
-21.19293,15.91035,306.67,0.52,0.67,2026-09-29,0056,N21,nominal,2.0NRT,288.7,2.11,N
-21.19336,15.91543,308.31,0.52,0.67,2026-09-29,0056,N21,nominal,2.0NRT,288.85,2.53,N
-21.19378,15.92037,302.55,0.52,0.67,2026-09-29,0056,N21,nominal,2.0NRT,288.43,2.53,N
-21.19743,15.89061,313.87,0.52,0.67,2026-09-29,0056,N21,nominal,2.0NRT,288.93,3.29,N
-21.19788,15.89581,301.18,0.52,0.67,2026-09-29,0056,N21,nominal,2.0NRT,288.06,1.55,N
-21.19832,15.90102,302.44,0.52,0.67,2026-09-29,0056,N21,nominal,2.0NRT,287.02,1.55,N
-21.19919,15.9111,297.09,0.52,0.67,2026-09-29,0056,N21,nominal,2.0NRT,285.9,2.01,N
-21.20042,15.92554,301.52,0.52,0.67,2026-09-29,0056,N21,nominal,2.0NRT,287.21,1.34,N
-21.20086,15.93062,300.51,0.52,0.67,2026-09-29,0056,N21,nominal,2.0NRT,287.65,1.34,N
-21.20134,15.93626,298.46,0.52,0.67,2026-09-29,0056,N21,nominal,2.0NRT,286.59,0.87,N
-21.2024,15.87654,321.92,0.52,0.67,2026-09-29,0056,N21,nominal,2.0NRT,289.02,6.71,N
-21.20284,15.88168,337.11,0.52,0.67,2026-09-29,0056,N21,nominal,2.0NRT,289.65,6.71,N
-21.20328,15.88675,300.57,0.52,0.67,2026-09-29,0056,N21,nominal,2.0NRT,286.07,3.29,N
-21.20814,15.87145,323.16,0.52,0.67,2026-09-29,0056,N21,nominal,2.0NRT,288.14,4.79,N
-21.20859,15.87657,322.96,0.52,0.67,2026-09-29,0056,N21,nominal,2.0NRT,286.9,4.65,N
-21.2139,15.86662,321.65,0.52,0.67,2026-09-29,0056,N21,nominal,2.0NRT,285.39,4.79,N
-21.21347,15.8617,297.95,0.52,0.67,2026-09-29,0056,N21,nominal,2.0NRT,284.58,1.9,N
-21.21383,15.86405,307.96,0.52,0.67,2026-09-29,0056,N21,nominal,2.0NRT,284.87,1.95,N
-21.21423,15.86897,310.9,0.52,0.67,2026-09-29,0056,N21,nominal,2.0NRT,284.24,1.83,N
-21.34806,15.47524,297.29,0.49,0.65,2026-09-29,0056,N21,nominal,2.0NRT,283.88,0.58,N
-22.6549,16.4316,306.5,0.58,0.7,2026-09-29,0056,N21,nominal,2.0NRT,283.3,0.47,N
-23.49461,15.28143,296.08,0.5,0.66,2026-09-29,0056,N21,nominal,2.0NRT,281.18,0.08,N
4.92908,7.01581,318.69,0.46,0.39,2026-09-29,0048,N21,nominal,2.0NRT,289.62,2.27,N
4.87916,5.61341,307.99,0.54,0.42,2026-09-29,0048,N21,nominal,2.0NRT,289.94,1.28,N
4.81599,5.96184,312.49,0.51,0.41,2026-09-29,0048,N21,nominal,2.0NRT,286.68,1.43,N
4.81222,5.96129,311.85,0.51,0.41,2026-09-29,0048,N21,nominal,2.0NRT,286.53,1.59,N
3.77686,8.70147,310.15,0.39,0.36,2026-09-29,0048,N21,nominal,2.0NRT,289.18,1.16,N
-0.21354,15.60893,322.59,0.52,0.5,2026-09-29,0050,N21,nominal,2.0NRT,281.37,4.47,N
-0.21426,15.61358,316.11,0.52,0.5,2026-09-29,0050,N21,nominal,2.0NRT,280.76,3.81,N
-0.04897,14.01489,304.36,0.4,0.44,2026-09-29,0050,N21,nominal,2.0NRT,273.25,1.15,N
-0.86345,12.65843,302.04,0.51,0.41,2026-09-29,0050,N21,nominal,2.0NRT,285.93,0.96,N
-0.38964,9.34442,305.48,0.39,0.36,2026-09-29,0050,N21,nominal,2.0NRT,289.5,0.76,N
-1.16114,9.53646,301.83,0.39,0.36,2026-09-29,0050,N21,nominal,2.0NRT,289.44,0.73,N
-1.52547,9.95252,309.04,0.4,0.37,2026-09-29,0050,N21,nominal,2.0NRT,288.39,1.22,N
-1.79506,9.3029,308.13,0.39,0.36,2026-09-29,0050,N21,nominal,2.0NRT,290.05,0.81,N
-2.07597,9.16329,320.45,0.39,0.36,2026-09-29,0050,N21,nominal,2.0NRT,291.21,1.59,N
-3.77162,14.17625,329.78,0.47,0.47,2026-09-29,0050,N21,nominal,2.0NRT,267.44,4.59,N
-4.84422,15.17821,302.37,0.57,0.52,2026-09-29,0050,N21,nominal,2.0NRT,277.15,1.57,N
-4.84495,15.1831,297.18,0.57,0.52,2026-09-29,0050,N21,nominal,2.0NRT,277.3,1.57,N
-4.84643,15.18192,303.3,0.57,0.52,2026-09-29,0050,N21,nominal,2.0NRT,268.69,1.47,N
-4.51086,12.04828,301.29,0.53,0.42,2026-09-29,0050,N21,nominal,2.0NRT,288.06,1.54,N
-4.51155,12.05293,311.8,0.53,0.42,2026-09-29,0050,N21,nominal,2.0NRT,288.49,1.54,N
-4.86488,13.55305,308.92,0.44,0.46,2026-09-29,0050,N21,nominal,2.0NRT,279.92,1.36,N
-4.86113,12.032,297.2,0.53,0.42,2026-09-29,0050,N21,nominal,2.0NRT,286.19,1.12,N
-4.86496,12.0314,300.1,0.53,0.42,2026-09-29,0050,N21,nominal,2.0NRT,286.43,1.12,N
-5.20309,11.70057,309.58,0.51,0.41,2026-09-29,0050,N21,nominal,2.0NRT,290.57,1.48,N
-5.21575,11.70802,306.17,0.51,0.41,2026-09-29,0050,N21,nominal,2.0NRT,290.26,1.15,N
-5.23708,11.64403,309.02,0.51,0.41,2026-09-29,0050,N21,nominal,2.0NRT,290.57,1.02,N
-5.38051,11.44507,329.42,0.5,0.41,2026-09-29,0050,N21,nominal,2.0NRT,291.51,7.78,N
-5.3783,11.44247,329.36,0.5,0.41,2026-09-29,0050,N21,nominal,2.0NRT,291.41,6.04,N
-5.48806,11.51296,315.88,0.5,0.41,2026-09-29,0050,N21,nominal,2.0NRT,290.81,1.55,N
-5.48959,11.51515,314.35,0.5,0.41,2026-09-29,0050,N21,nominal,2.0NRT,291,1.61,N
-6.11335,12.33172,312.92,0.57,0.43,2026-09-29,0050,N21,nominal,2.0NRT,289.79,2.28,N
-6.11731,12.33112,303.02,0.57,0.43,2026-09-29,0050,N21,nominal,2.0NRT,289.48,2.28,N
-6.07392,11.35944,317.02,0.5,0.41,2026-09-29,0050,N21,nominal,2.0NRT,291.05,1.57,N
-6.16147,11.27063,306.93,0.5,0.41,2026-09-29,0050,N21,nominal,2.0NRT,290.81,0.92,N
-6.2426,10.73091,315.11,0.47,0.4,2026-09-29,0052,N21,nominal,2.0NRT,290.71,0.87,N
-6.31958,11.05199,303.86,0.49,0.4,2026-09-29,0052,N21,nominal,2.0NRT,291.01,0.55,N
-7.06599,12.4088,325.98,0.4,0.44,2026-09-29,0052,N21,nominal,2.0NRT,289.66,3.74,N
-7.0665,12.41237,324.09,0.4,0.44,2026-09-29,0052,N21,nominal,2.0NRT,289.52,3.46,N
-7.13088,12.34465,318.77,0.39,0.44,2026-09-29,0052,N21,nominal,2.0NRT,289.4,2.12,N
-7.58888,12.11269,308.97,0.39,0.44,2026-09-29,0052,N21,nominal,2.0NRT,289.22,0.91,N
-7.59288,12.1121,304.05,0.39,0.44,2026-09-29,0052,N21,nominal,2.0NRT,289.61,0.91,N
-10.46642,15.07202,301.37,0.34,0.56,2026-09-29,0052,N21,nominal,2.0NRT,286.24,1.64,N
-13.33168,15.69821,299.22,0.41,0.6,2026-09-29,0052,N21,nominal,2.0NRT,286.3,0.63,N
-14.37382,15.85395,298.77,0.43,0.62,2026-09-29,0052,N21,nominal,2.0NRT,286.3,0.96,N
-15.12813,18.20934,300.6,0.63,0.72,2026-09-29,0054,N21,nominal,2.0NRT,285.71,4.92,N
-14.8666,15.25119,300.93,0.4,0.6,2026-09-29,0054,N21,nominal,2.0NRT,288.57,0.49,N
-14.98841,15.74955,298.69,0.43,0.62,2026-09-29,0054,N21,nominal,2.0NRT,287.87,0.77,N
-15.08057,15.21072,303.35,0.4,0.6,2026-09-29,0054,N21,nominal,2.0NRT,287.78,1.03,N
-15.08098,15.21437,305.37,0.4,0.6,2026-09-29,0054,N21,nominal,2.0NRT,287.73,1.03,N
-15.13842,15.73044,310.08,0.43,0.62,2026-09-29,0054,N21,nominal,2.0NRT,289.02,2.22,N
-15.097,15.16017,303.26,0.39,0.59,2026-09-29,0054,N21,nominal,2.0NRT,288.01,2.3,N
-15.10367,15.21864,307.82,0.4,0.6,2026-09-29,0054,N21,nominal,2.0NRT,287.7,3.26,N
-15.1041,15.22235,299.71,0.4,0.6,2026-09-29,0054,N21,nominal,2.0NRT,287.46,2.12,N
-15.10957,15.22166,330.96,0.4,0.6,2026-09-29,0054,N21,nominal,2.0NRT,288.75,2.12,N
-15.10286,15.16297,314.9,0.39,0.59,2026-09-29,0054,N21,nominal,2.0NRT,287.95,2.96,N
-15.10956,15.17311,354.21,0.39,0.6,2026-09-29,0054,N21,nominal,2.0NRT,290.25,4.03,N
-15.10914,15.16948,298.98,0.39,0.6,2026-09-29,0054,N21,nominal,2.0NRT,287.9,4.03,N
-15.11544,15.17608,334.75,0.39,0.6,2026-09-29,0054,N21,nominal,2.0NRT,289.55,6.06,N
-15.11586,15.17973,322.3,0.39,0.6,2026-09-29,0054,N21,nominal,2.0NRT,288.51,6.06,N
-15.11502,15.17243,310.38,0.39,0.6,2026-09-29,0054,N21,nominal,2.0NRT,288.06,4.03,N
-15.12011,15.2166,317.53,0.4,0.6,2026-09-29,0054,N21,nominal,2.0NRT,288.42,3.34,N
-15.12053,15.22031,305.39,0.4,0.6,2026-09-29,0054,N21,nominal,2.0NRT,288.08,2.1,N
-15.12133,15.17907,367,0.39,0.6,2026-09-29,0054,N21,high,2.0NRT,290.93,17.43,N
-15.12175,15.18274,367,0.39,0.6,2026-09-29,0054,N21,high,2.0NRT,291.11,8.52,N
-15.12218,15.18642,298.53,0.39,0.6,2026-09-29,0054,N21,nominal,2.0NRT,288.04,8.52,N
-15.12345,15.19747,306.7,0.39,0.6,2026-09-29,0054,N21,nominal,2.0NRT,288,1.31,N
-15.1035,14.97832,308.09,0.38,0.59,2026-09-29,0054,N21,nominal,2.0NRT,279.86,2.5,N
-15.10974,14.98491,318.43,0.38,0.59,2026-09-29,0054,N21,nominal,2.0NRT,285.28,4.22,N
-15.18308,15.61845,302.4,0.42,0.61,2026-09-29,0054,N21,nominal,2.0NRT,288.53,0.91,N
-15.08727,14.74826,317.54,0.37,0.58,2026-09-29,0054,N21,nominal,2.0NRT,286.44,2.25,N
57.87247,56.16421,303,0.74,0.76,2026-09-29,0030,N21,nominal,2.0NRT,277.75,2,N
57.87358,56.164,295.56,0.74,0.76,2026-09-29,0030,N21,nominal,2.0NRT,278.68,1.33,N
55.60764,51.94132,304.08,0.72,0.75,2026-09-29,0033,N21,nominal,2.0NRT,279.7,3.98,N
-15.08768,14.75176,298.67,0.37,0.58,2026-09-29,0054,N21,nominal,2.0NRT,285.89,0.79,N
55.59888,51.90088,299.33,0.71,0.75,2026-09-29,0033,N21,nominal,2.0NRT,272.85,1.63,N
55.60695,51.93949,296.31,0.72,0.75,2026-09-29,0033,N21,nominal,2.0NRT,278.22,3.53,N
-14.94125,13.50522,299.56,0.6,0.53,2026-09-29,0054,N21,nominal,2.0NRT,288.89,1.34,N
59.15038,37.86307,319.99,0.57,0.43,2026-09-29,0033,N21,nominal,2.0NRT,279.6,9.62,N
-15.11697,15.17805,367,0.39,0.6,2026-09-29,0054,N21,high,2.0NRT,290.86,7.93,N
59.14813,37.87213,319.02,0.57,0.43,2026-09-29,0033,N21,nominal,2.0NRT,285.36,9.62,N
59.14901,37.85066,296.2,0.57,0.43,2026-09-29,0033,N21,nominal,2.0NRT,279.38,1.62,N
-15.11657,15.17438,311.6,0.39,0.6,2026-09-29,0054,N21,nominal,2.0NRT,287.94,5.41,N
59.14765,37.83821,301.33,0.57,0.43,2026-09-29,0033,N21,nominal,2.0NRT,281.49,1.62,N
26.75756,12.41257,333.24,0.43,0.38,2026-09-29,0041,N21,nominal,2.0NRT,294.89,7.9,N
59.14541,37.84726,306.44,0.57,0.43,2026-09-29,0033,N21,nominal,2.0NRT,281.86,1.62,N
