latitude,longitude,brightness,scan,track,acq_date,acq_time,satellite,confidence,version,bright_t31,frp,daynight
-28.86483,-58.81096,300.38,1.48,1.2,2026-09-29,0033,T,20,6.1NRT,288.29,6.22,N
-28.69576,-57.90344,302.23,1.3,1.13,2026-09-29,0033,T,48,6.1NRT,291.11,5.65,N
-28.69724,-57.91657,309.78,1.31,1.13,2026-09-29,0033,T,78,6.1NRT,290.67,12.65,N
-28.70169,-57.95611,301.37,1.31,1.14,2026-09-29,0033,T,40,6.1NRT,290.55,4.96,N
-28.70318,-57.96933,312.54,1.31,1.14,2026-09-29,0033,T,85,6.1NRT,291.11,15.7,N
-28.6916,-57.95756,318.94,1.31,1.14,2026-09-29,0033,T,98,6.1NRT,291.16,23.66,N
-28.69308,-57.97078,328.23,1.31,1.14,2026-09-29,0033,T,100,6.1NRT,291.68,38.56,N
-26.44831,-56.0735,316.58,1.04,1.02,2026-09-29,0035,T,93,6.1NRT,294.73,13.52,N
-26.48981,-56.84916,303.98,1.1,1.05,2026-09-29,0035,T,41,6.1NRT,293.33,4.78,N
-26.16107,-55.42578,310.51,1.01,1,2026-09-29,0035,T,79,6.1NRT,294.99,8.33,N
-26.16961,-56.76974,318.3,1.09,1.04,2026-09-29,0035,T,96,6.1NRT,294.29,16.69,N
-25.85968,-57.38668,308.81,1.14,1.07,2026-09-29,0035,T,72,6.1NRT,297.3,6.22,N
-25.86103,-57.39788,308.97,1.14,1.07,2026-09-29,0035,T,73,6.1NRT,297.64,6.31,N
-25.85024,-57.3881,314.58,1.14,1.07,2026-09-29,0035,T,88,6.1NRT,297.29,11.15,N
-25.78884,-57.03892,313.68,1.1,1.05,2026-09-29,0035,T,86,6.1NRT,294.76,13.46,N
-25.6321,-56.15664,304.91,1.03,1.02,2026-09-29,0035,T,36,6.1NRT,291.63,5.84,N
-25.5421,-55.61222,307.92,1.01,1,2026-09-29,0035,T,73,6.1NRT,295.34,6.17,N
-25.9676,-59.5271,310.13,1.51,1.21,2026-09-29,0035,T,75,6.1NRT,297.8,10.86,N
-25.96914,-59.54202,311.64,1.52,1.22,2026-09-29,0035,T,79,6.1NRT,297.23,13.4,N
-25.96455,-59.53327,311.79,1.51,1.21,2026-09-29,0035,T,80,6.1NRT,297.65,12.76,N
-25.52023,-60.16941,312.01,1.65,1.26,2026-09-29,0035,T,81,6.1NRT,294.94,13.95,N
-25.48008,-59.99743,315.98,1.6,1.25,2026-09-29,0035,T,91,6.1NRT,295.88,19.91,N
-25.48168,-60.01312,311.34,1.61,1.25,2026-09-29,0035,T,79,6.1NRT,297.93,12.21,N
-25.47938,-60.00338,318.99,1.6,1.25,2026-09-29,0035,T,98,6.1NRT,296.75,25.22,N
-24.89433,-55.38299,344.67,1,1,2026-09-29,0035,T,100,6.1NRT,298.85,49.12,N
-24.89565,-55.3927,311.45,1,1,2026-09-29,0035,T,81,6.1NRT,297.63,7.77,N
-25.4422,-60.18506,312.23,1.65,1.26,2026-09-29,0035,T,78,6.1NRT,297.67,16.01,N
-24.84917,-55.45012,308.64,1,1,2026-09-29,0035,T,72,6.1NRT,297.84,5.41,N
-25.41019,-60.20543,309.77,1.65,1.26,2026-09-29,0035,T,35,6.1NRT,296.95,11.84,N
-25.41182,-60.22161,319.23,1.66,1.27,2026-09-29,0035,T,89,6.1NRT,297.39,29.45,N
-25.41064,-60.21188,317.24,1.65,1.26,2026-09-29,0035,T,84,6.1NRT,297.64,24.76,N
-25.41238,-60.22805,310.67,1.66,1.27,2026-09-29,0035,T,39,6.1NRT,296.31,14.28,N
-24.86142,-55.75324,311.48,1.01,1,2026-09-29,0035,T,79,6.1NRT,297.14,8.09,N
-25.18224,-58.37307,309.8,1.26,1.11,2026-09-29,0035,T,71,6.1NRT,299.2,8.25,N
-25.18369,-58.38535,313.61,1.26,1.12,2026-09-29,0035,T,84,6.1NRT,299.08,12.03,N
-25.32899,-60.30435,312.16,1.68,1.27,2026-09-29,0035,T,77,6.1NRT,296.82,14.89,N
-25.33009,-60.31004,308.57,1.68,1.27,2026-09-29,0035,T,44,6.1NRT,294.49,9.02,N
-24.92368,-57.46376,312.97,1.13,1.06,2026-09-29,0035,T,81,6.1NRT,298.71,9.18,N
-25.01271,-58.30401,315.47,1.24,1.11,2026-09-29,0035,T,89,6.1NRT,300.36,12.44,N
-25.01035,-58.29859,316.3,1.24,1.11,2026-09-29,0035,T,91,6.1NRT,300.06,13.88,N
-25.1228,-60.39797,306.85,1.69,1.28,2026-09-29,0035,T,14,6.1NRT,293.85,9.53,N
-25.04572,-59.88076,310.48,1.55,1.23,2026-09-29,0035,T,36,6.1NRT,298.66,12.18,N
-25.10613,-60.68979,315.62,1.77,1.3,2026-09-29,0035,T,67,6.1NRT,294.52,23.95,N
-25.10785,-60.70707,344.89,1.78,1.31,2026-09-29,0035,T,100,6.1NRT,296.81,113.45,N
-25.10956,-60.72439,309.46,1.78,1.31,2026-09-29,0035,T,22,6.1NRT,293.26,12.71,N
-24.96979,-59.47509,314.95,1.46,1.19,2026-09-29,0035,T,87,6.1NRT,300.32,13.7,N
-24.97131,-59.48928,322.07,1.46,1.19,2026-09-29,0035,T,100,6.1NRT,301.37,25.22,N
-24.98504,-59.6185,313.67,1.49,1.21,2026-09-29,0035,T,83,6.1NRT,299.52,12.78,N
-25.08275,-60.5717,310.44,1.74,1.29,2026-09-29,0035,T,72,6.1NRT,296.63,12.44,N
-25.08443,-60.58863,312.19,1.74,1.29,2026-09-29,0035,T,79,6.1NRT,295.47,15.2,N
-24.96071,-59.4907,315.35,1.46,1.19,2026-09-29,0035,T,88,6.1NRT,300.62,14.07,N
-24.97435,-59.61992,310.05,1.49,1.21,2026-09-29,0035,T,70,6.1NRT,298.82,8.07,N
-24.96512,-59.48226,319.87,1.46,1.19,2026-09-29,0035,T,99,6.1NRT,301.42,19.98,N
-24.97962,-59.61109,312.4,1.49,1.2,2026-09-29,0035,T,78,6.1NRT,299.35,10.81,N
-24.98125,-59.62555,310.76,1.49,1.21,2026-09-29,0035,T,71,6.1NRT,299.42,8.99,N
-25.08524,-60.57804,313.14,1.74,1.29,2026-09-29,0035,T,80,6.1NRT,296.37,17.24,N
-24.95294,-59.4695,314.45,1.46,1.19,2026-09-29,0035,T,26,6.1NRT,300.98,11.17,N
-24.6347,-56.97174,313.51,1.07,1.03,2026-09-29,0035,T,84,6.1NRT,292.7,10.12,N
-24.63601,-56.98215,331.55,1.07,1.03,2026-09-29,0035,T,100,6.1NRT,296.68,31.23,N
-24.92866,-59.44407,319.83,1.45,1.19,2026-09-29,0035,T,99,6.1NRT,301.5,20.35,N
-24.93022,-59.45818,324.67,1.45,1.19,2026-09-29,0035,T,100,6.1NRT,301.86,28.07,N
-24.9181,-59.44547,315.05,1.45,1.19,2026-09-29,0035,T,62,6.1NRT,300.81,12.68,N
-24.91966,-59.45958,322.11,1.45,1.19,2026-09-29,0035,T,100,6.1NRT,300.92,23.16,N
-24.91218,-59.48927,312.23,1.46,1.19,2026-09-29,0035,T,77,6.1NRT,300.48,9.12,N
-24.89524,-59.67199,310.2,1.5,1.21,2026-09-29,0035,T,66,6.1NRT,299.49,8.58,N
-24.55849,-56.94696,309.27,1.07,1.03,2026-09-29,0035,T,68,6.1NRT,296.11,7.05,N
-24.54935,-56.94836,319.12,1.07,1.03,2026-09-29,0035,T,98,6.1NRT,293.84,15.36,N
-24.82884,-59.46305,335.26,1.45,1.19,2026-09-29,0035,T,100,6.1NRT,301.84,53.66,N
-24.83039,-59.47712,357.41,1.45,1.19,2026-09-29,0035,T,100,6.1NRT,304.5,128.76,N
-24.81828,-59.46445,312.11,1.45,1.19,2026-09-29,0035,T,75,6.1NRT,299.89,10.84,N
-24.81982,-59.47853,326.94,1.45,1.19,2026-09-29,0035,T,100,6.1NRT,300.07,35.15,N
-24.84322,-59.69355,315.11,1.5,1.21,2026-09-29,0035,T,86,6.1NRT,300.2,14.99,N
-24.83249,-59.69495,315.16,1.5,1.21,2026-09-29,0035,T,86,6.1NRT,299.43,15.05,N
-24.81248,-59.6095,312.62,1.48,1.2,2026-09-29,0035,T,77,6.1NRT,300.22,10.65,N
-24.81402,-59.62388,318.67,1.48,1.2,2026-09-29,0035,T,96,6.1NRT,300.91,19.64,N
-24.85324,-59.99482,310.38,1.57,1.24,2026-09-29,0035,T,67,6.1NRT,299.31,8.94,N
-24.80182,-59.61091,312.18,1.48,1.2,2026-09-29,0035,T,76,6.1NRT,299.86,9.77,N
-24.80335,-59.62529,314.28,1.48,1.2,2026-09-29,0035,T,83,6.1NRT,300.29,12.47,N
-24.55791,-57.67244,309.72,1.14,1.07,2026-09-29,0035,T,67,6.1NRT,298.99,6.79,N
-24.54847,-57.67384,314.19,1.14,1.07,2026-09-29,0035,T,84,6.1NRT,299,10.57,N
-24.54984,-57.68491,309.43,1.14,1.07,2026-09-29,0035,T,29,6.1NRT,298.89,6.2,N
-24.54448,-57.71962,319.11,1.15,1.07,2026-09-29,0035,T,97,6.1NRT,299.41,16.05,N
-24.53502,-57.72101,314.94,1.15,1.07,2026-09-29,0035,T,86,6.1NRT,299.6,11.24,N
-24.45911,-57.69287,317.25,1.14,1.07,2026-09-29,0035,T,93,6.1NRT,299.29,14.12,N
-24.46047,-57.70393,318.44,1.14,1.07,2026-09-29,0035,T,96,6.1NRT,299.52,15.53,N
-24.72891,-60.22716,311.47,1.62,1.25,2026-09-29,0035,T,72,6.1NRT,299.48,11,N
-24.39338,-57.39226,313.42,1.11,1.05,2026-09-29,0035,T,82,6.1NRT,298.75,9.63,N
-24.19459,-56.12429,310.23,1.02,1.01,2026-09-29,0035,T,74,6.1NRT,297.97,5.86,N
-24.62314,-59.74923,313.7,1.5,1.21,2026-09-29,0035,T,81,6.1NRT,301.19,12.7,N
-24.51724,-58.85806,324.3,1.32,1.14,2026-09-29,0035,T,100,6.1NRT,301.08,27.26,N
-24.61814,-59.7415,313.06,1.5,1.21,2026-09-29,0035,T,78,6.1NRT,301.23,11.78,N
-24.72301,-60.8198,312.08,1.79,1.31,2026-09-29,0035,T,48,6.1NRT,298.86,13.62,N
-24.34007,-57.54941,311.83,1.12,1.06,2026-09-29,0035,T,76,6.1NRT,298.95,8.16,N
-24.71139,-60.82121,312.51,1.79,1.31,2026-09-29,0035,T,24,6.1NRT,298.22,14.04,N
-24.71496,-60.85596,321.28,1.8,1.31,2026-09-29,0035,T,100,6.1NRT,299.76,28.39,N
-24.71675,-60.87339,361.48,1.8,1.32,2026-09-29,0035,T,100,6.1NRT,302.35,198.3,N
-24.45652,-58.59922,311.22,1.27,1.12,2026-09-29,0035,T,71,6.1NRT,300.19,9.6,N
-24.7033,-60.85736,348.76,1.8,1.31,2026-09-29,0035,T,100,6.1NRT,297.64,124.62,N
-24.70508,-60.87481,343.24,1.8,1.32,2026-09-29,0035,T,100,6.1NRT,297.83,100.15,N
-24.69165,-60.85877,331.69,1.8,1.31,2026-09-29,0035,T,100,6.1NRT,297.81,57.79,N
-24.69341,-60.87621,327.04,1.8,1.32,2026-09-29,0035,T,100,6.1NRT,298.8,44.31,N
-24.67999,-60.86018,318.63,1.8,1.31,2026-09-29,0035,T,96,6.1NRT,296.78,24.36,N
-24.58848,-60.07823,310.67,1.58,1.24,2026-09-29,0035,T,67,6.1NRT,300.57,7.98,N
-24.65496,-60.84561,314.36,1.79,1.31,2026-09-29,0035,T,83,6.1NRT,294.76,19.01,N
-24.5783,-60.41993,325.95,1.67,1.27,2026-09-29,0035,T,100,6.1NRT,301.27,38.56,N
-24.55859,-60.34113,314.59,1.65,1.26,2026-09-29,0035,T,83,6.1NRT,300.28,15.25,N
-24.56028,-60.3571,322.13,1.65,1.26,2026-09-29,0035,T,100,6.1NRT,299.87,29.47,N
-24.22268,-57.49566,310.39,1.12,1.05,2026-09-29,0035,T,64,6.1NRT,297.73,6.79,N
-24.59346,-60.78888,316.67,1.77,1.3,2026-09-29,0035,T,90,6.1NRT,298.97,22.8,N
-24.59521,-60.80606,311.24,1.78,1.31,2026-09-29,0035,T,68,6.1NRT,298.92,12.57,N
-24.01819,-55.97556,308.56,1.01,1,2026-09-29,0035,T,70,6.1NRT,297.33,5.29,N
-24.01949,-55.98528,327.25,1.01,1,2026-09-29,0035,T,100,6.1NRT,297.45,22.68,N
-24.21335,-57.49705,318.51,1.12,1.05,2026-09-29,0035,T,96,6.1NRT,298.94,14.18,N
-24.21468,-57.50784,314.29,1.12,1.05,2026-09-29,0035,T,43,6.1NRT,298.88,9.03,N
-24.216,-57.51862,325.52,1.12,1.05,2026-09-29,0035,T,100,6.1NRT,300.29,22.15,N
-24.00931,-55.97699,317.12,1.01,1,2026-09-29,0035,T,94,6.1NRT,297.12,11.94,N
-24.0106,-55.98669,318.55,1.01,1,2026-09-29,0035,T,97,6.1NRT,297.12,13.31,N
-24.20535,-57.50923,333.04,1.12,1.05,2026-09-29,0035,T,100,6.1NRT,300,32.71,N
-24.20667,-57.52002,351.74,1.12,1.05,2026-09-29,0035,T,100,6.1NRT,301.11,72.49,N
-24.20799,-57.53082,309.94,1.12,1.05,2026-09-29,0035,T,69,6.1NRT,298.63,6.1,N
-24.49585,-60.06488,315.86,1.57,1.24,2026-09-29,0035,T,88,6.1NRT,301.16,14.69,N
-24.49745,-60.08014,325.83,1.58,1.24,2026-09-29,0035,T,100,6.1NRT,302.1,33.98,N
-24.00043,-55.97843,310.58,1.01,1,2026-09-29,0035,T,77,6.1NRT,296.48,7.05,N
-24.16718,-57.27605,316.77,1.09,1.04,2026-09-29,0035,T,92,6.1NRT,298.2,12.91,N
-24.16849,-57.2866,309.02,1.09,1.04,2026-09-29,0035,T,66,6.1NRT,298.33,5.86,N
-24.1947,-57.49984,321.05,1.12,1.05,2026-09-29,0035,T,100,6.1NRT,298.9,16.66,N
-24.19602,-57.51062,344.64,1.12,1.05,2026-09-29,0035,T,100,6.1NRT,300.38,55.11,N
-24.46758,-59.90089,314.28,1.53,1.22,2026-09-29,0035,T,82,6.1NRT,301.95,11.45,N
-24.46914,-59.91574,321.08,1.54,1.22,2026-09-29,0035,T,100,6.1NRT,301.96,22.83,N
-24.48648,-60.08155,312.13,1.58,1.24,2026-09-29,0035,T,12,6.1NRT,301.36,8.61,N
-24.51218,-60.33083,327.56,1.64,1.26,2026-09-29,0035,T,100,6.1NRT,301.56,41.71,N
-24.51381,-60.34675,346.78,1.65,1.26,2026-09-29,0035,T,100,6.1NRT,302.91,104.23,N
-24.41863,-59.54172,323.23,1.45,1.19,2026-09-29,0035,T,100,6.1NRT,302.8,25.11,N
-24.4583,-59.91715,313.4,1.54,1.22,2026-09-29,0035,T,69,6.1NRT,300.82,10.02,N
-24.4755,-60.08295,316.14,1.58,1.24,2026-09-29,0035,T,89,6.1NRT,301.57,15.59,N
-24.501,-60.33224,334.27,1.64,1.26,2026-09-29,0035,T,100,6.1NRT,301.59,59.51,N
-24.50262,-60.34816,336.57,1.65,1.26,2026-09-29,0035,T,100,6.1NRT,301.72,66.95,N
-24.42262,-59.53334,317.84,1.45,1.19,2026-09-29,0035,T,89,6.1NRT,302.61,15.73,N
-24.42421,-59.54733,317.56,1.45,1.19,2026-09-29,0035,T,57,6.1NRT,302.61,14.4,N
-24.46484,-59.90761,325.4,1.53,1.22,2026-09-29,0035,T,100,6.1NRT,302.2,31.87,N
-24.46649,-59.92245,317.3,1.54,1.22,2026-09-29,0035,T,92,6.1NRT,301.24,16.13,N
-24.51227,-60.33723,341.9,1.64,1.26,2026-09-29,0035,T,100,6.1NRT,302.76,84.57,N
-24.514,-60.35314,323.3,1.65,1.26,2026-09-29,0035,T,100,6.1NRT,301.6,31.69,N
-24.41207,-59.53471,313.23,1.45,1.19,2026-09-29,0035,T,38,6.1NRT,302.4,9.35,N
-24.41524,-59.56275,316.83,1.45,1.19,2026-09-29,0035,T,75,6.1NRT,302.58,13.99,N
-24.4573,-59.93872,314.7,1.54,1.22,2026-09-29,0035,T,63,6.1NRT,301.79,11.97,N
-24.47225,-60.07427,315.59,1.57,1.24,2026-09-29,0035,T,87,6.1NRT,301.38,14.8,N
-24.50108,-60.33862,346.14,1.64,1.26,2026-09-29,0035,T,100,6.1NRT,302.48,101.48,N
-24.50281,-60.35453,318.91,1.65,1.26,2026-09-29,0035,T,97,6.1NRT,300.44,23.44,N
-24.35376,-59.11607,325.85,1.36,1.15,2026-09-29,0035,T,100,6.1NRT,302.85,28.78,N
